"id","active","name"
"muti_treasury_data.request_source_mother account","True","ASI MOTHER ACCOUNT"
"muti_treasury_data.request_source_brdc head office","True","BRDC HEAD OFFICE"
"muti_treasury_data.request_source_cbgfi","True","CBGFI"
"muti_treasury_data.request_source_cfi head office","True","CFI HEAD OFFICE"
"muti_treasury_data.request_source_common fund","True","COMMON FUND"
"muti_treasury_data.request_source_epfc head office","True","EPFC HEAD OFFICE"
"muti_treasury_data.request_source_epfc head office (m)","True","EPFC HEAD OFFICE (M)"
"muti_treasury_data.request_source_hlrdc head office","True","HLRDC HEAD OFFICE"
"muti_treasury_data.request_source_hsi head office","True","HSI HEAD OFFICE"
"muti_treasury_data.request_source_hsi head office (m)","True","HSI HEAD OFFICE (M)"
"muti_treasury_data.request_source_insurances services head office","True","INSURANCES SERVICES HEAD OFFICE"
"muti_treasury_data.request_source_management fund","True","MANAGEMENT FUND"
"muti_treasury_data.request_source_muti head office","True","MUTI HEAD OFFICE"
"muti_treasury_data.request_source_muti head office (m)","True","MUTI HEAD OFFICE (M)"
"muti_treasury_data.request_source_petty cash fund (h)","True","PETTY CASH FUND (H)"
"muti_treasury_data.request_source_pumgas head office","True","PUMGAS HEAD OFFICE"
"muti_treasury_data.request_source_revolving fund","True","REVOLVING FUND"
