id,groups_id:id
muti_users_data.res_users_m1225,"base.group_user,muti_treasury.group_request_user"
muti_users_data.res_users_m0297,"base.group_user,muti_treasury.group_request_user"
muti_users_data.res_users_m0669,"base.group_user,muti_treasury.group_request_user"
muti_users_data.res_users_m1093,"base.group_user,muti_treasury.group_request_user"
muti_users_data.res_users_m0633,"base.group_user,muti_treasury.group_request_user"
muti_users_data.res_users_m0125,"base.group_user,muti_treasury.group_request_user"
muti_users_data.res_users_m0670,"base.group_user,muti_treasury.group_request_user"
muti_users_data.res_users_m0486,"base.group_user,muti_treasury.group_request_user"
muti_users_data.res_users_m1170,"base.group_user,muti_treasury.group_request_user"
muti_users_data.res_users_m1217,"base.group_user,muti_treasury.group_request_admin"
muti_users_data.res_users_m0956,"base.group_user,muti_treasury.group_request_user"
muti_users_data.res_users_m0318,"base.group_user,muti_treasury.group_request_user"
muti_users_data.res_users_m0712,"base.group_user,muti_treasury.group_request_user"
muti_users_data.res_users_m0541,"base.group_user,muti_treasury.group_request_user"
muti_users_data.res_users_m1223,"base.group_user,muti_treasury.group_request_admin"
muti_users_data.res_users_m0617,"base.group_user,muti_treasury.group_request_user"
muti_users_data.res_users_m0884,"base.group_user,muti_treasury.group_request_user"
muti_users_data.res_users_m1129,"base.group_user,muti_treasury.group_request_user"
muti_users_data.res_users_m1098,"base.group_user,muti_treasury.group_request_user"
muti_users_data.res_users_m1104,"base.group_user,muti_treasury.group_request_user"
muti_users_data.res_users_m1141,"base.group_user,muti_treasury.group_request_user"
muti_users_data.res_users_m1102,"base.group_user,muti_treasury.group_request_user"
muti_users_data.res_users_m1139,"base.group_user,muti_treasury.group_request_user"
muti_users_data.res_users_m0620,"base.group_user,muti_treasury.group_request_user"
muti_users_data.res_users_m0640,"base.group_user,muti_treasury.group_request_user"
muti_users_data.res_users_m1050,"base.group_user,muti_treasury.group_request_user"
muti_users_data.res_users_m1046,"base.group_user,muti_treasury.group_request_user"
muti_users_data.res_users_m0227,"base.group_user,muti_treasury.group_request_user"
muti_users_data.res_users_m0953,"base.group_user,muti_treasury.group_request_user"
muti_users_data.res_users_m0295,"base.group_user,muti_treasury.group_request_user"
muti_users_data.res_users_m0511,"base.group_user,muti_treasury.group_request_user"
muti_users_data.res_users_m0806,"base.group_user,muti_treasury.group_request_user"
muti_users_data.res_users_m0144,"base.group_user,muti_treasury.group_request_user"
muti_users_data.res_users_m0124,"base.group_user,muti_treasury.group_request_user"
muti_users_data.res_users_m0432,"base.group_user,muti_treasury.group_request_user"
muti_users_data.res_users_m1143,"base.group_user,muti_treasury.group_request_user"
muti_users_data.res_users_m0397,"base.group_user,muti_treasury.group_request_user"
muti_users_data.res_users_m0881,"base.group_user,muti_treasury.group_request_user"
muti_users_data.res_users_m0752,"base.group_user,muti_treasury.group_request_user"
muti_users_data.res_users_m0743,"base.group_user,muti_treasury.group_request_user"
muti_users_data.res_users_m0510,"base.group_user,muti_treasury.group_request_user"
muti_users_data.res_users_m1094,"base.group_user,muti_treasury.group_request_user"
muti_users_data.res_users_m1119,"base.group_user,muti_treasury.group_request_user"
muti_users_data.res_users_m0900,"base.group_user,muti_treasury.group_request_user"
muti_users_data.res_users_m0056,"base.group_user,muti_treasury.group_request_user"
muti_users_data.res_users_m1017,"base.group_user,muti_treasury.group_request_user"
muti_users_data.res_users_m1084,"base.group_user,muti_treasury.group_request_user"
muti_users_data.res_users_m0241,"base.group_user,muti_treasury.group_request_user"
muti_users_data.res_users_m0857,"base.group_user,muti_treasury.group_request_user"
muti_users_data.res_users_m1064,"base.group_user,muti_treasury.group_request_user"
muti_users_data.res_users_m0992,"base.group_user,muti_treasury.group_request_user"
muti_users_data.res_users_m1146,"base.group_user,muti_treasury.group_request_user"
muti_users_data.res_users_m1109,"base.group_user,muti_treasury.group_request_user"
muti_users_data.res_users_m1202,"base.group_user,muti_treasury.group_request_user"
muti_users_data.res_users_m0348,"base.group_user,muti_treasury.group_request_user"
muti_users_data.res_users_m0623,"base.group_user,muti_treasury.group_request_user"
muti_users_data.res_users_m1250,"base.group_user,muti_treasury.group_request_user"
muti_users_data.res_users_m0230,"base.group_user,muti_treasury.group_request_user"
muti_users_data.res_users_m0660,"base.group_user,muti_treasury.group_request_user"
muti_users_data.res_users_m0574,"base.group_user,muti_treasury.group_request_user"
muti_users_data.res_users_m1041,"base.group_user,muti_treasury.group_request_user"
muti_users_data.res_users_m0858,"base.group_user,muti_treasury.group_request_user"
muti_users_data.res_users_m1079,"base.group_user,muti_treasury.group_request_user"
muti_users_data.res_users_m1044,"base.group_user,muti_treasury.group_request_user"
muti_users_data.res_users_m0347,"base.group_user,muti_treasury.group_request_user"
muti_users_data.res_users_m1126,"base.group_user,muti_treasury.group_request_user"
muti_users_data.res_users_m0719,"base.group_user,muti_treasury.group_request_user"
muti_users_data.res_users_m1176,"base.group_user,muti_treasury.group_request_user"
muti_users_data.res_users_m1038,"base.group_user,muti_treasury.group_request_user"
muti_users_data.res_users_m0247,"base.group_user,muti_treasury.group_request_user"
muti_users_data.res_users_m1121,"base.group_user,muti_treasury.group_request_user"
muti_users_data.res_users_m0961,"base.group_user,muti_treasury.group_request_user"
muti_users_data.res_users_m0785,"base.group_user,muti_treasury.group_request_user"
muti_users_data.res_users_m0978,"base.group_user,muti_treasury.group_request_user"
muti_users_data.res_users_m0125,"base.group_user,muti_treasury.group_request_user"
muti_users_data.res_users_m1272,"base.group_user,muti_treasury.group_request_user"
muti_users_data.res_users_m0081,"base.group_user,muti_treasury.group_request_user"
muti_users_data.res_users_m0917,"base.group_user,muti_treasury.group_request_user"
muti_users_data.res_users_m1029,"base.group_user,muti_treasury.group_request_user"
muti_users_data.res_users_m0530,"base.group_user,muti_treasury.group_request_user"
muti_users_data.res_users_m1107,"base.group_user,muti_treasury.group_request_user"
muti_users_data.res_users_m0080,"base.group_user,muti_treasury.group_request_user"
muti_users_data.res_users_m0912,"base.group_user,muti_treasury.group_request_user"
muti_users_data.res_users_m0653,"base.group_user,muti_treasury.group_request_user"
muti_users_data.res_users_m0041,"base.group_user,muti_treasury.group_request_user"
muti_users_data.res_users_m1031,"base.group_user,muti_treasury.group_request_user"
muti_users_data.res_users_m0629,"base.group_user,muti_treasury.group_request_user"
muti_users_data.res_users_m0473,"base.group_user,muti_treasury.group_request_user"
muti_users_data.res_users_m1096,"base.group_user,muti_treasury.group_request_user"
muti_users_data.res_users_m1195,"base.group_user,muti_treasury.group_request_user"
muti_users_data.res_users_m0973,"base.group_user,muti_treasury.group_request_user"
muti_users_data.res_users_m0395,"base.group_user,muti_treasury.group_request_user"
muti_users_data.res_users_m1111,"base.group_user,muti_treasury.group_request_user"
muti_users_data.res_users_m1199,"base.group_user,muti_treasury.group_request_user"
muti_users_data.res_users_m1132,"base.group_user,muti_treasury.group_request_user"
muti_users_data.res_users_m0149,"base.group_user,muti_treasury.group_request_user"
muti_users_data.res_users_m1203,"base.group_user,muti_treasury.group_request_user"
muti_users_data.res_users_m0021,"base.group_user,muti_treasury.group_request_user"
muti_users_data.res_users_m1042,"base.group_user,muti_treasury.group_request_user"
muti_users_data.res_users_m0703,"base.group_user,muti_treasury.group_request_user"
muti_users_data.res_users_m1080,"base.group_user,muti_treasury.group_request_user"
muti_users_data.res_users_m0626,"base.group_user,muti_treasury.group_request_user"
muti_users_data.res_users_m0862,"base.group_user,muti_treasury.group_request_user"
muti_users_data.res_users_m1106,"base.group_user,muti_treasury.group_request_user"
muti_users_data.res_users_m1043,"base.group_user,muti_treasury.group_request_user"
muti_users_data.res_users_m1263,"base.group_user,muti_treasury.group_request_user"
muti_users_data.res_users_m0942,"base.group_user,muti_treasury.group_request_user"
muti_users_data.res_users_m1167,"base.group_user,muti_treasury.group_request_user"
muti_users_data.res_users_m1045,"base.group_user,muti_treasury.group_request_user"
muti_users_data.res_users_m1040,"base.group_user,muti_treasury.group_request_user"
muti_users_data.res_users_m1089,"base.group_user,muti_treasury.group_request_user"
muti_users_data.res_users_m0032,"base.group_user,muti_treasury.group_request_user"
muti_users_data.res_users_m0038,"base.group_user,muti_treasury.group_request_user"
muti_users_data.res_users_m1258,"base.group_user,muti_treasury.group_request_user"
muti_users_data.res_users_m0816,"base.group_user,muti_treasury.group_request_user"
muti_users_data.res_users_m0937,"base.group_user,muti_treasury.group_request_user"
muti_users_data.res_users_m0782,"base.group_user,muti_treasury.group_request_user"
muti_users_data.res_users_m0320,"base.group_user,muti_treasury.group_request_user"
muti_users_data.res_users_m1130,"base.group_user,muti_treasury.group_request_user"
muti_users_data.res_users_m1278,"base.group_user,muti_treasury.group_request_user"
muti_users_data.res_users_m0573,"base.group_user,muti_treasury.group_request_user"
muti_users_data.res_users_m0751,"base.group_user,muti_treasury.group_request_user"
muti_users_data.res_users_m1076,"base.group_user,muti_treasury.group_request_user"
muti_users_data.res_users_m0829,"base.group_user,muti_treasury.group_request_user"
muti_users_data.res_users_m1190,"base.group_user,muti_treasury.group_request_user"
muti_users_data.res_users_m1110,"base.group_user,muti_treasury.group_request_user"
muti_users_data.res_users_m0883,"base.group_user,muti_treasury.group_request_user"
muti_users_data.res_users_m0652,"base.group_user,muti_treasury.group_request_user"
muti_users_data.res_users_m0695,"base.group_user,muti_treasury.group_request_user"
muti_users_data.res_users_m1229,"base.group_user,muti_treasury.group_request_user"
muti_users_data.res_users_m1074,"base.group_user,muti_treasury.group_request_user"
muti_users_data.res_users_m0147,"base.group_user,muti_treasury.group_request_admin"
muti_users_data.res_users_m0772,"base.group_user,muti_treasury.group_request_user"
muti_users_data.res_users_m0838,"base.group_user,muti_treasury.group_request_user"
muti_users_data.res_users_m0893,"base.group_user,muti_treasury.group_request_user"
muti_users_data.res_users_m1011,"base.group_user,muti_treasury.group_request_user"
muti_users_data.res_users_m1268,"base.group_user,muti_treasury.group_request_user"
muti_users_data.res_users_m0803,"base.group_user,muti_treasury.group_request_user"
muti_users_data.res_users_m1054,"base.group_user,muti_treasury.group_request_user"
muti_users_data.res_users_m0964,"base.group_user,muti_treasury.group_request_user"
muti_users_data.res_users_m0030,"base.group_user,muti_treasury.group_request_user"
muti_users_data.res_users_m0808,"base.group_user,muti_treasury.group_request_user"
muti_users_data.res_users_m0296,"base.group_user,muti_treasury.group_request_user"
muti_users_data.res_users_m0981,"base.group_user,muti_treasury.group_request_user"
muti_users_data.res_users_m1204,"base.group_user,muti_treasury.group_request_user"
muti_users_data.res_users_m1127,"base.group_user,muti_treasury.group_request_user"
muti_users_data.res_users_m1231,"base.group_user,muti_treasury.group_request_user"
muti_users_data.res_users_m1264,"base.group_user,muti_treasury.group_request_user"
muti_users_data.res_users_m1218,"base.group_user,muti_treasury.group_request_user"
muti_users_data.res_users_m0965,"base.group_user,muti_treasury.group_request_user"
muti_users_data.res_users_m0017,"base.group_user,muti_treasury.group_request_user"
muti_users_data.res_users_m0093,"base.group_user,muti_treasury.group_request_user"
muti_users_data.res_users_m1058,"base.group_user,muti_treasury.group_request_user"
muti_users_data.res_users_m0962,"base.group_user,muti_treasury.group_request_user"
muti_users_data.res_users_m0307,"base.group_user,muti_treasury.group_request_user"
muti_users_data.res_users_m0294,"base.group_user,muti_treasury.group_request_user"
muti_users_data.res_users_m0963,"base.group_user,muti_treasury.group_request_user"
muti_users_data.res_users_m0108,"base.group_user,muti_treasury.group_request_user"
muti_users_data.res_users_m0845,"base.group_user,muti_treasury.group_request_user"
muti_users_data.res_users_m0332,"base.group_user,muti_treasury.group_request_user"
muti_users_data.res_users_m0601,"base.group_user,muti_treasury.group_request_user"
muti_users_data.res_users_m1254,"base.group_user,muti_treasury.group_request_user"
muti_users_data.res_users_m0570,"base.group_user,muti_treasury.group_request_user"
muti_users_data.res_users_m0027,"base.group_user,muti_treasury.group_request_user"
muti_users_data.res_users_m0326,"base.group_user,muti_treasury.group_request_user"
muti_users_data.res_users_m0054,"base.group_user,muti_treasury.group_request_user"
muti_users_data.res_users_m0217,"base.group_user,muti_treasury.group_request_user"
muti_users_data.res_users_m0372,"base.group_user,muti_treasury.group_request_user"
muti_users_data.res_users_m0861,"base.group_user,muti_treasury.group_request_user"
muti_users_data.res_users_m1047,"base.group_user,muti_treasury.group_request_user"
muti_users_data.res_users_m0613,"base.group_user,muti_treasury.group_request_user"
muti_users_data.res_users_m0311,"base.group_user,muti_treasury.group_request_user"
muti_users_data.res_users_m0546,"base.group_user,muti_treasury.group_request_user"
muti_users_data.res_users_m0462,"base.group_user,muti_treasury.group_request_user"
muti_users_data.res_users_m0272,"base.group_user,muti_treasury.group_request_user"
muti_users_data.res_users_m0197,"base.group_user,muti_treasury.group_request_user"
muti_users_data.res_users_m1021,"base.group_user,muti_treasury.group_request_user"
muti_users_data.res_users_m0035,"base.group_user,muti_treasury.group_request_user"
muti_users_data.res_users_m1251,"base.group_user,muti_treasury.group_request_user"
muti_users_data.res_users_m0090,"base.group_user,muti_treasury.group_request_user"
muti_users_data.res_users_m1023,"base.group_user,muti_treasury.group_request_user"
muti_users_data.res_users_m0201,"base.group_user,muti_treasury.group_request_user"
muti_users_data.res_users_m0070,"base.group_user,muti_treasury.group_request_user"
muti_users_data.res_users_m0572,"base.group_user,muti_treasury.group_request_user"
muti_users_data.res_users_m0044,"base.group_user,muti_treasury.group_request_user"
muti_users_data.res_users_m1189-muti,"base.group_user,muti_treasury.group_request_user"
muti_users_data.res_users_m1279,"base.group_user,muti_treasury.group_request_user"
muti_users_data.res_users_m0020,"base.group_user,muti_treasury.group_request_user"
muti_users_data.res_users_m0878,"base.group_user,muti_treasury.group_request_user"
muti_users_data.res_users_m1192,"base.group_user,muti_treasury.group_request_user"
muti_users_data.res_users_m0991,"base.group_user,muti_treasury.group_request_user"
muti_users_data.res_users_m0073,"base.group_user,muti_treasury.group_request_user"
muti_users_data.res_users_m0180,"base.group_user,muti_treasury.group_request_user"
muti_users_data.res_users_m1277,"base.group_user,muti_treasury.group_request_user"
muti_users_data.res_users_m0969,"base.group_user,muti_treasury.group_request_user"
muti_users_data.res_users_m0199,"base.group_user,muti_treasury.group_request_user"
muti_users_data.res_users_m0952,"base.group_user,muti_treasury.group_request_user"
muti_users_data.res_users_m0155,"base.group_user,muti_treasury.group_request_user"
muti_users_data.res_users_m0724,"base.group_user,muti_treasury.group_request_user"
muti_users_data.res_users_m1242,"base.group_user,muti_treasury.group_request_user"
muti_users_data.res_users_m0010,"base.group_user,muti_treasury.group_request_user"
muti_users_data.res_users_m1257,"base.group_user,muti_treasury.group_request_user"
muti_users_data.res_users_m0875,"base.group_user,muti_treasury.group_request_user"
muti_users_data.res_users_m0966,"base.group_user,muti_treasury.group_request_user"
muti_users_data.res_users_m0306,"base.group_user,muti_treasury.group_request_user"
muti_users_data.res_users_m1284,"base.group_user,muti_treasury.group_request_user"
muti_users_data.res_users_m1281,"base.group_user,muti_treasury.group_request_user"
muti_users_data.res_users_m0016,"base.group_user,muti_treasury.group_request_user"
muti_users_data.res_users_m0082,"base.group_user,muti_treasury.group_request_user"
muti_users_data.res_users_m0031,"base.group_user,muti_treasury.group_request_user"
muti_users_data.res_users_m0121,"base.group_user,muti_treasury.group_request_user"
muti_users_data.res_users_m1206,"base.group_user,muti_treasury.group_request_user"
muti_users_data.res_users_m1273,"base.group_user,muti_treasury.group_request_user"
muti_users_data.res_users_m0618,"base.group_user,muti_treasury.group_request_user"
muti_users_data.res_users_m0011,"base.group_user,muti_treasury.group_request_user"
muti_users_data.res_users_m0668,"base.group_user,muti_treasury.group_request_user"
muti_users_data.res_users_m0832,"base.group_user,muti_treasury.group_request_user"
muti_users_data.res_users_m0034,"base.group_user,muti_treasury.group_request_user"
muti_users_data.res_users_m1287,"base.group_user,muti_treasury.group_request_user"
muti_users_data.res_users_m1220,"base.group_user,muti_treasury.group_request_user"
muti_users_data.res_users_m0971,"base.group_user,muti_treasury.group_request_user"
muti_users_data.res_users_m1230,"base.group_user,muti_treasury.group_request_user"
muti_users_data.res_users_m0043,"base.group_user,muti_treasury.group_request_user"
muti_users_data.res_users_m1213,"base.group_user,muti_treasury.group_request_user"
muti_users_data.res_users_m1207,"base.group_user,muti_treasury.group_request_user"
muti_users_data.res_users_m1228,"base.group_user,muti_treasury.group_request_user"
muti_users_data.res_users_m1100,"base.group_user,muti_treasury.group_request_user"
muti_users_data.res_users_m1226,"base.group_user,muti_treasury.group_request_user"
muti_users_data.res_users_m0977,"base.group_user,muti_treasury.group_request_user"
muti_users_data.res_users_m0924,"base.group_user,muti_treasury.group_request_user"
muti_users_data.res_users_m0949,"base.group_user,muti_treasury.group_request_user"
muti_users_data.res_users_m0325,"base.group_user,muti_treasury.group_request_user"
muti_users_data.res_users_m1037,"base.group_user,muti_treasury.group_request_user"
muti_users_data.res_users_m0157,"base.group_user,muti_treasury.group_request_user"
muti_users_data.res_users_m0571-muti,"base.group_user,muti_treasury.group_request_user"
muti_users_data.res_users_m0552,"base.group_user,muti_treasury.group_request_user"
muti_users_data.res_users_m0269,"base.group_user,muti_treasury.group_request_user"
muti_users_data.res_users_m1026,"base.group_user,muti_treasury.group_request_user"
muti_users_data.res_users_m0399,"base.group_user,muti_treasury.group_request_user"
muti_users_data.res_users_m1249,"base.group_user,muti_treasury.group_request_user"
muti_users_data.res_users_m1087,"base.group_user,muti_treasury.group_request_user"
muti_users_data.res_users_m0571-epfc,"base.group_user,muti_treasury.group_request_user"
muti_users_data.res_users_m1307,"base.group_user,muti_treasury.group_request_user"
muti_users_data.res_users_m1232,"base.group_user,muti_treasury.group_request_user"
muti_users_data.res_users_m1252,"base.group_user,muti_treasury.group_request_user"
muti_users_data.res_users_m0536,"base.group_user,muti_treasury.group_request_user"
muti_users_data.res_users_m1233,"base.group_user,muti_treasury.group_request_user"
muti_users_data.res_users_m0727,"base.group_user,muti_treasury.group_request_user"
muti_users_data.res_users_m0696,"base.group_user,muti_treasury.group_request_user"
muti_users_data.res_users_m0972,"base.group_user,muti_treasury.group_request_user"
muti_users_data.res_users_m0730,"base.group_user,muti_treasury.group_request_user"
muti_users_data.res_users_m0584,"base.group_user,muti_treasury.group_request_user"
muti_users_data.res_users_m1275,"base.group_user,muti_treasury.group_request_user"
muti_users_data.res_users_m1221,"base.group_user,muti_treasury.group_request_user"
muti_users_data.res_users_m1123,"base.group_user,muti_treasury.group_request_user"
muti_users_data.res_users_m0404,"base.group_user,muti_treasury.group_request_user"
muti_users_data.res_users_m1253,"base.group_user,muti_treasury.group_request_user"
muti_users_data.res_users_m1162,"base.group_user,muti_treasury.group_request_user"
muti_users_data.res_users_m1320,"base.group_user,muti_treasury.group_request_user"
muti_users_data.res_users_m0709,"base.group_user,muti_treasury.group_request_user"
muti_users_data.res_users_m0882,"base.group_user,muti_treasury.group_request_user"
muti_users_data.res_users_m1330,"base.group_user,muti_treasury.group_request_user"
muti_users_data.res_users_m0894,"base.group_user,muti_treasury.group_request_user"
muti_users_data.res_users_m1317,"base.group_user,muti_treasury.group_request_user"
muti_users_data.res_users_m1326,"base.group_user,muti_treasury.group_request_user"
muti_users_data.res_users_m1222,"base.group_user,muti_treasury.group_request_user"
muti_users_data.res_users_m1323,"base.group_user,muti_treasury.group_request_user"
muti_users_data.res_users_m1319,"base.group_user,muti_treasury.group_request_user"
muti_users_data.res_users_m1318,"base.group_user,muti_treasury.group_request_user"
muti_users_data.res_users_m1256,"base.group_user,muti_treasury.group_request_user"
muti_users_data.res_users_m0839,"base.group_user,muti_treasury.group_request_admin"
muti_users_data.res_users_m1329,"base.group_user,muti_treasury.group_request_user"
muti_users_data.res_users_m0676,"base.group_user,muti_treasury.group_request_user"
muti_users_data.res_users_m0736,"base.group_user,muti_treasury.group_request_user"
muti_users_data.res_users_m0176,"base.group_user,muti_treasury.group_request_user"
muti_users_data.res_users_m0100,"base.group_user,muti_treasury.group_request_user"
muti_users_data.res_users_m1048,"base.group_user,muti_treasury.group_request_user"
muti_users_data.res_users_m1342,"base.group_user,muti_treasury.group_request_user"
muti_users_data.res_users_m0312,"base.group_user,muti_treasury.group_request_user"
muti_users_data.res_users_m1244,"base.group_user,muti_treasury.group_request_user"
muti_users_data.res_users_m0778,"base.group_user,muti_treasury.group_request_user"
muti_users_data.res_users_m1138,"base.group_user,muti_treasury.group_request_user"
muti_users_data.res_users_m0389,"base.group_user,muti_treasury.group_request_user"
muti_users_data.res_users_m1149,"base.group_user,muti_treasury.group_request_user"
muti_users_data.res_users_m1276,"base.group_user,muti_treasury.group_request_user"
muti_users_data.res_users_m1298,"base.group_user,muti_treasury.group_request_user"
muti_users_data.res_users_m0047,"base.group_user,muti_treasury.group_request_user"
muti_users_data.res_users_m1341,"base.group_user,muti_treasury.group_request_user"
muti_users_data.res_users_m0074,"base.group_user,muti_treasury.group_request_user"
muti_users_data.res_users_m0413,"base.group_user,muti_treasury.group_request_user"
muti_users_data.res_users_m0817,"base.group_user,muti_treasury.group_request_user"
muti_users_data.res_users_m0340,"base.group_user,muti_treasury.group_request_user"
muti_users_data.res_users_m0473,"base.group_user,muti_treasury.group_request_user"
muti_users_data.res_users_m1403,"base.group_user,muti_treasury.group_request_user"
muti_users_data.res_users_m0997,"base.group_user,muti_treasury.group_request_user"
muti_users_data.res_users_m1321,"base.group_user,muti_treasury.group_request_user"
muti_users_data.res_users_m0462,"base.group_user,muti_treasury.group_request_user"
