"id","name"
"product_pricelist_mutiwarehouse","MUTI WAREHOUSE"
"product_pricelist_hondawarehouse","HONDA WAREHOUSE"
"product_pricelist_muti3s","MUTI 3S"
"product_pricelist_mutibuhangin","MUTI BUHANGIN"
"product_pricelist_muticalinan","MUTI CALINAN"
"product_pricelist_mutidigos","MUTI DIGOS"
"product_pricelist_mutiisulan","MUTI ISULAN"
"product_pricelist_mutikidapawan","MUTI KIDAPAWAN"
"product_pricelist_mutilapasan","MUTI LAPASAN"
"product_pricelist_mutimarbel","MUTI MARBEL"
"product_pricelist_mutimati","MUTI MATI"
"product_pricelist_mutipanabo","MUTI PANABO"
"product_pricelist_mutipolomolok","MUTI POLOMOLOK"
"product_pricelist_mutisurallah","MUTI SURALLAH"
"product_pricelist_mutitacurong","MUTI TACURONG"
"product_pricelist_mutitagum","MUTI TAGUM"
"product_pricelist_mutivalencia","MUTI VALENCIA"
"product_pricelist_hondaisulan","HONDA ISULAN"
"product_pricelist_hondamaramag","HONDA MARAMAG"
"product_pricelist_hondamarbel","HONDA MARBEL"
"product_pricelist_hondasurallah","HONDA SURALLAH"
"product_pricelist_mutivillamor","MUTI VILLAMOR"
